Order_ID,Order_Date,Expected_Delivery_Date,Actual_Delivery_Date,Supplier_ID,Supplier_Name,Supplier_City,Supplier_State,Product_ID,Product_Name,Category,Warehouse,Shipping_Mode,Quantity,Unit_Cost_INR,Total_Cost_INR,Freight_Cost_INR,Discount_Pct,Final_Cost_INR,Lead_Time_Days,Delay_Days,Order_Status,Payment_Terms,Quality_Rating
ORD-2024-0098,2024-01-04,2024-01-05,2024-01-05,SUP004,BlueDart Express,Bangalore,India,P005,Copper Wiring,Electronics,WH-Delhi,Air,14,925.05,12950.63,1036.05,0,13986.68,1,0,Delivered,COD,4.1
ORD-2024-0022,2024-01-05,2024-01-18,2024-01-24,SUP008,VRL Logistics,Nagpur,India,P010,LED Modules,Electronics,WH-Delhi,Sea,5,736.65,3683.27,55.25,8,3443.86,13,6,Delayed,Net 60,
ORD-2024-0061,2024-01-11,2024-01-17,,SUP005,Mahindra Logistics,Pune,India,P010,LED Modules,Electronics,WH-Bangalore,Road,9,614.49,5530.43,165.91,2,5585.73,6,0,In Transit,Net 30,
ORD-2024-0035,2024-01-13,2024-01-29,,SUP001,Tata Steel Ltd,Mumbai,India,P004,Plastic Granules,Raw Material,WH-Bangalore,Sea,37,303.55,11231.53,168.47,5,10838.42,16,0,Pending,Advance,
ORD-2024-0002,2024-01-16,2024-01-19,,SUP002,Reliance Logistics,Delhi,India,P004,Plastic Granules,Raw Material,WH-Bangalore,Road,42,344.11,14452.45,433.57,2,14596.97,3,0,Pending,COD,
ORD-2024-0088,2024-01-16,2024-01-24,2024-01-24,SUP001,Tata Steel Ltd,Mumbai,India,P008,Chemical Compounds,Chemicals,WH-Pune,Rail,3,1649.56,4948.67,98.97,0,5047.64,8,0,Delivered,COD,4.4
ORD-2024-0063,2024-01-19,2024-01-22,,SUP008,VRL Logistics,Nagpur,India,P002,Industrial Bearings,Machinery,WH-Bangalore,Road,1,1277.3,1277.3,38.32,2,1290.07,3,0,Cancelled,Net 30,
ORD-2024-0082,2024-01-24,2024-02-11,2024-02-11,SUP001,Tata Steel Ltd,Mumbai,India,P005,Copper Wiring,Electronics,WH-Delhi,Sea,18,984.69,17724.35,265.87,5,17104.0,18,0,Delivered,Advance,4.3
ORD-2024-0012,2024-01-30,2024-01-31,,SUP004,BlueDart Express,Bangalore,India,P010,LED Modules,Electronics,WH-Pune,Air,5,605.86,3029.32,242.35,2,3211.08,1,0,Cancelled,Net 45,
ORD-2024-0186,2024-02-02,2024-02-08,2024-02-08,SUP003,DHL Supply Chain,Chennai,India,P007,Packaging Material,Consumables,WH-Mumbai,Road,64,157.27,10065.14,301.95,0,10367.09,6,0,Delivered,Net 45,3.6
ORD-2024-0119,2024-02-04,2024-02-05,,SUP001,Tata Steel Ltd,Mumbai,India,P007,Packaging Material,Consumables,WH-Delhi,Air,3,148.39,445.17,35.61,0,480.78,1,0,Pending,Net 30,
ORD-2024-0136,2024-02-07,2024-02-13,2024-02-17,SUP001,Tata Steel Ltd,Mumbai,India,P003,Raw Steel Sheets,Raw Material,WH-Chennai,Road,11,501.92,5521.09,165.63,0,5686.72,6,4,Delayed,Advance,
ORD-2024-0026,2024-02-08,2024-02-15,,SUP003,DHL Supply Chain,Chennai,India,P009,Spare Parts Kit,Machinery,WH-Mumbai,Road,2,2913.46,5826.93,174.81,0,6001.74,7,0,In Transit,Net 60,
ORD-2024-0199,2024-02-13,2024-02-16,,SUP003,DHL Supply Chain,Chennai,India,P006,Hydraulic Pumps,Machinery,WH-Delhi,Road,2,2569.27,5138.53,154.16,2,5189.92,3,0,Pending,COD,
ORD-2024-0095,2024-02-16,2024-02-20,,SUP004,BlueDart Express,Bangalore,India,P007,Packaging Material,Consumables,WH-Mumbai,Road,42,164.13,6893.52,206.81,2,6962.46,4,0,Pending,Net 30,
ORD-2024-0184,2024-02-16,2024-02-19,2024-02-19,SUP001,Tata Steel Ltd,Mumbai,India,P005,Copper Wiring,Electronics,WH-Mumbai,Road,18,1007.55,18135.86,544.08,0,18679.94,3,0,Delivered,Net 60,4.1
ORD-2024-0139,2024-02-16,2024-02-20,2024-02-20,SUP007,Gati Ltd,Kolkata,India,P009,Spare Parts Kit,Machinery,WH-Mumbai,Road,4,3108.6,12434.39,373.03,0,12807.42,4,0,Delivered,Advance,3.3
ORD-2024-0091,2024-02-19,2024-02-26,,SUP006,DTDC Courier,Hyderabad,India,P003,Raw Steel Sheets,Raw Material,WH-Bangalore,Road,4,451.22,1804.86,54.15,8,1714.62,7,0,Pending,Net 30,
ORD-2024-0016,2024-02-19,2024-02-22,,SUP007,Gati Ltd,Kolkata,India,P006,Hydraulic Pumps,Machinery,WH-Mumbai,Road,1,2287.88,2287.88,68.64,5,2242.13,3,0,Pending,Net 45,
ORD-2024-0197,2024-02-22,2024-02-25,,SUP003,DHL Supply Chain,Chennai,India,P006,Hydraulic Pumps,Machinery,WH-Pune,Road,4,2579.82,10319.29,309.58,2,10422.48,3,0,Cancelled,Advance,
ORD-2024-0010,2024-02-27,2024-03-03,2024-03-06,SUP005,Mahindra Logistics,Pune,India,P007,Packaging Material,Consumables,WH-Pune,Road,81,146.19,11841.53,355.25,2,11959.95,5,3,Delayed,Net 45,
ORD-2024-0093,2024-02-28,2024-03-06,,SUP005,Mahindra Logistics,Pune,India,P010,LED Modules,Electronics,WH-Chennai,Road,21,675.47,14184.87,425.55,2,14326.72,7,0,Pending,Net 30,
ORD-2024-0097,2024-02-28,2024-03-06,,SUP006,DTDC Courier,Hyderabad,India,P007,Packaging Material,Consumables,WH-Pune,Road,40,136.7,5468.13,164.04,0,5632.17,7,0,Pending,Net 30,
ORD-2024-0024,2024-02-29,2024-03-05,,SUP002,Reliance Logistics,Delhi,India,P012,Safety Equipment,Consumables,WH-Chennai,Road,22,399.38,8786.31,263.59,2,8874.17,5,0,Pending,COD,
ORD-2024-0014,2024-03-02,2024-03-09,2024-03-14,SUP004,BlueDart Express,Bangalore,India,P004,Plastic Granules,Raw Material,WH-Delhi,Road,1,293.68,293.68,8.81,2,296.62,7,5,Delayed,Net 30,
ORD-2024-0054,2024-03-05,2024-03-08,,SUP008,VRL Logistics,Nagpur,India,P002,Industrial Bearings,Machinery,WH-Bangalore,Air,6,1135.31,6811.85,544.95,0,7356.8,3,0,In Transit,Net 30,
ORD-2024-0132,2024-03-07,2024-03-08,2024-03-08,SUP007,Gati Ltd,Kolkata,India,P009,Spare Parts Kit,Machinery,WH-Chennai,Air,2,3156.82,6313.64,505.09,8,6313.64,1,0,Delivered,Net 30,3.5
ORD-2024-0137,2024-03-07,2024-03-11,2024-03-11,SUP006,DTDC Courier,Hyderabad,India,P009,Spare Parts Kit,Machinery,WH-Pune,Road,1,2920.48,2920.48,87.61,8,2774.45,4,0,Delivered,Advance,3.5
ORD-2024-0190,2024-03-12,2024-03-18,,SUP005,Mahindra Logistics,Pune,India,P004,Plastic Granules,Raw Material,WH-Pune,Road,39,326.34,12727.21,381.82,2,12854.49,6,0,In Transit,Advance,
ORD-2024-0126,2024-03-14,2024-03-19,2024-03-21,SUP008,VRL Logistics,Nagpur,India,P001,Electronic Components,Electronics,WH-Chennai,Road,10,797.61,7976.06,239.28,2,8055.82,5,2,Delayed,Net 60,
ORD-2024-0086,2024-03-15,2024-03-18,2024-03-18,SUP003,DHL Supply Chain,Chennai,India,P009,Spare Parts Kit,Machinery,WH-Chennai,Road,2,3351.08,6702.16,201.06,0,6903.22,3,0,Delivered,Net 30,3.3
ORD-2024-0167,2024-03-17,2024-03-23,2024-03-23,SUP005,Mahindra Logistics,Pune,India,P007,Packaging Material,Consumables,WH-Pune,Road,8,156.09,1248.72,37.46,10,1161.31,6,0,Delivered,COD,3.3
ORD-2024-0193,2024-03-18,2024-03-24,,SUP006,DTDC Courier,Hyderabad,India,P001,Electronic Components,Electronics,WH-Bangalore,Road,12,795.11,9541.27,286.24,0,9827.51,6,0,Cancelled,Net 45,
ORD-2024-0039,2024-03-18,2024-03-23,,SUP004,BlueDart Express,Bangalore,India,P007,Packaging Material,Consumables,WH-Delhi,Rail,43,155.35,6679.96,133.6,2,6679.96,5,0,In Transit,Advance,
ORD-2024-0011,2024-03-19,2024-03-22,,SUP006,DTDC Courier,Hyderabad,India,P003,Raw Steel Sheets,Raw Material,WH-Chennai,Road,1,417.59,417.59,12.53,0,430.12,3,0,In Transit,Net 45,
ORD-2024-0096,2024-03-20,2024-03-25,,SUP003,DHL Supply Chain,Chennai,India,P010,LED Modules,Electronics,WH-Delhi,Road,16,683.65,10938.4,328.15,2,11047.78,5,0,In Transit,COD,
ORD-2024-0094,2024-04-02,2024-04-07,,SUP005,Mahindra Logistics,Pune,India,P012,Safety Equipment,Consumables,WH-Delhi,Rail,10,437.46,4374.64,87.49,2,4374.64,5,0,Cancelled,Net 30,
ORD-2024-0064,2024-04-06,2024-04-11,2024-04-11,SUP006,DTDC Courier,Hyderabad,India,P010,LED Modules,Electronics,WH-Mumbai,Rail,10,656.19,6561.94,131.24,5,6365.08,5,0,Delivered,Net 30,4.9
ORD-2024-0017,2024-04-08,2024-04-12,2024-04-12,SUP004,BlueDart Express,Bangalore,India,P009,Spare Parts Kit,Machinery,WH-Mumbai,Road,1,2920.47,2920.47,87.61,10,2716.03,4,0,Delivered,Net 30,4.9
ORD-2024-0005,2024-04-08,2024-04-14,,SUP002,Reliance Logistics,Delhi,India,P001,Electronic Components,Electronics,WH-Delhi,Rail,5,861.35,4306.75,86.14,5,4177.55,6,0,In Transit,Net 60,
ORD-2024-0102,2024-04-09,2024-04-15,2024-04-15,SUP006,DTDC Courier,Hyderabad,India,P006,Hydraulic Pumps,Machinery,WH-Mumbai,Rail,5,2345.54,11727.72,234.55,5,11375.88,6,0,Delivered,Net 45,4.9
ORD-2024-0046,2024-04-11,2024-04-16,,SUP002,Reliance Logistics,Delhi,India,P010,LED Modules,Electronics,WH-Pune,Rail,22,682.57,15016.47,300.33,0,15316.8,5,0,Cancelled,Net 30,
ORD-2024-0130,2024-04-12,2024-04-21,2024-04-21,SUP003,DHL Supply Chain,Chennai,India,P004,Plastic Granules,Raw Material,WH-Mumbai,Rail,36,298.38,10741.74,214.83,8,10097.23,9,0,Delivered,Net 60,3.8
ORD-2024-0158,2024-04-13,2024-04-19,2024-04-19,SUP003,DHL Supply Chain,Chennai,India,P003,Raw Steel Sheets,Raw Material,WH-Bangalore,Road,29,462.42,13410.1,402.3,5,13141.89,6,0,Delivered,Net 45,4.0
ORD-2024-0164,2024-04-15,2024-04-22,2024-04-22,SUP002,Reliance Logistics,Delhi,India,P002,Industrial Bearings,Machinery,WH-Mumbai,Road,4,1241.93,4967.71,149.03,5,4868.35,7,0,Delivered,Net 45,4.0
ORD-2024-0027,2024-04-17,2024-04-23,2024-04-25,SUP004,BlueDart Express,Bangalore,India,P011,Rubber Seals,Raw Material,WH-Delhi,Road,52,264.39,13748.47,412.45,2,13885.95,6,2,Delivered,Net 60,4.6
ORD-2024-0050,2024-04-18,2024-04-23,2024-04-28,SUP006,DTDC Courier,Hyderabad,India,P005,Copper Wiring,Electronics,WH-Pune,Road,3,941.13,2823.4,84.7,2,2851.63,5,5,Delayed,Net 45,
ORD-2024-0044,2024-04-24,2024-04-28,2024-05-02,SUP002,Reliance Logistics,Delhi,India,P011,Rubber Seals,Raw Material,WH-Pune,Road,16,260.84,4173.37,125.2,5,4089.9,4,4,Delayed,Net 45,
ORD-2024-0059,2024-04-25,2024-05-01,2024-05-07,SUP003,DHL Supply Chain,Chennai,India,P005,Copper Wiring,Electronics,WH-Bangalore,Rail,15,912.47,13687.0,273.74,5,13276.39,6,6,Delayed,Net 60,
ORD-2024-0179,2024-04-27,2024-04-29,,SUP004,BlueDart Express,Bangalore,India,P012,Safety Equipment,Consumables,WH-Mumbai,Air,18,472.43,8503.7,680.3,2,9013.93,2,0,Pending,Net 45,
ORD-2024-0152,2024-04-28,2024-05-01,2024-05-01,SUP001,Tata Steel Ltd,Mumbai,India,P003,Raw Steel Sheets,Raw Material,WH-Chennai,Road,1,438.57,438.57,13.16,2,442.96,3,0,Delivered,Net 60,3.9
ORD-2024-0168,2024-05-04,2024-05-10,2024-05-15,SUP005,Mahindra Logistics,Pune,India,P004,Plastic Granules,Raw Material,WH-Pune,Road,4,309.48,1237.91,37.14,5,1213.15,6,5,Delayed,Net 30,
ORD-2024-0036,2024-05-04,2024-05-10,,SUP003,DHL Supply Chain,Chennai,India,P011,Rubber Seals,Raw Material,WH-Delhi,Rail,45,288.26,12971.57,259.43,0,13231.0,6,0,Cancelled,Net 30,
ORD-2024-0008,2024-05-06,2024-05-12,2024-05-12,SUP005,Mahindra Logistics,Pune,India,P012,Safety Equipment,Consumables,WH-Delhi,Road,4,468.42,1873.66,56.21,0,1929.87,6,0,Delivered,Advance,4.2
ORD-2024-0140,2024-05-15,2024-05-18,2024-05-18,SUP006,DTDC Courier,Hyderabad,India,P007,Packaging Material,Consumables,WH-Pune,Road,10,149.49,1494.88,44.85,2,1509.83,3,0,Delivered,Net 60,4.7
ORD-2024-0013,2024-05-15,2024-05-18,,SUP007,Gati Ltd,Kolkata,India,P004,Plastic Granules,Raw Material,WH-Pune,Air,43,339.99,14619.58,1169.57,2,15496.76,3,0,In Transit,Advance,
ORD-2024-0053,2024-05-21,2024-05-28,2024-05-28,SUP005,Mahindra Logistics,Pune,India,P002,Industrial Bearings,Machinery,WH-Pune,Rail,3,1162.29,3486.88,69.74,10,3207.93,7,0,Delivered,Net 60,4.4
ORD-2024-0003,2024-05-22,2024-05-28,,SUP001,Tata Steel Ltd,Mumbai,India,P003,Raw Steel Sheets,Raw Material,WH-Chennai,Rail,11,416.5,4581.49,91.63,0,4673.12,6,0,Cancelled,Net 60,
ORD-2024-0113,2024-05-24,2024-05-28,,SUP007,Gati Ltd,Kolkata,India,P009,Spare Parts Kit,Machinery,WH-Chennai,Road,3,2921.74,8765.23,262.96,2,8852.89,4,0,Cancelled,COD,
ORD-2024-0023,2024-05-25,2024-06-03,2024-06-05,SUP003,DHL Supply Chain,Chennai,India,P008,Chemical Compounds,Chemicals,WH-Delhi,Rail,9,1754.72,15792.48,315.85,5,15318.71,9,2,Delayed,Net 60,
ORD-2024-0116,2024-05-26,2024-06-03,2024-06-03,SUP008,VRL Logistics,Nagpur,India,P012,Safety Equipment,Consumables,WH-Pune,Rail,14,465.67,6519.4,130.39,2,6519.4,8,0,Delivered,COD,3.8
ORD-2024-0092,2024-05-27,2024-05-31,,SUP005,Mahindra Logistics,Pune,India,P006,Hydraulic Pumps,Machinery,WH-Pune,Road,2,2779.55,5559.09,166.77,0,5725.86,4,0,In Transit,Net 60,
ORD-2024-0165,2024-05-28,2024-06-04,2024-06-04,SUP004,BlueDart Express,Bangalore,India,P012,Safety Equipment,Consumables,WH-Mumbai,Road,34,401.21,13641.12,409.23,0,14050.35,7,0,Delivered,COD,4.9
ORD-2024-0149,2024-05-28,2024-06-17,2024-06-17,SUP001,Tata Steel Ltd,Mumbai,India,P005,Copper Wiring,Electronics,WH-Chennai,Sea,18,948.43,17071.7,256.08,2,16986.35,20,0,Delivered,Net 45,3.2
ORD-2024-0066,2024-05-29,2024-06-06,2024-06-06,SUP005,Mahindra Logistics,Pune,India,P007,Packaging Material,Consumables,WH-Mumbai,Rail,77,154.06,11862.55,237.25,8,11150.8,8,0,Delivered,Net 60,4.5
ORD-2024-0124,2024-05-30,2024-06-04,2024-06-12,SUP006,DTDC Courier,Hyderabad,India,P002,Industrial Bearings,Machinery,WH-Mumbai,Road,3,1286.93,3860.79,115.82,0,3976.61,5,8,Delayed,Net 60,
ORD-2024-0033,2024-06-03,2024-06-09,,SUP007,Gati Ltd,Kolkata,India,P009,Spare Parts Kit,Machinery,WH-Delhi,Rail,3,3251.99,9755.97,195.12,2,9755.97,6,0,Cancelled,COD,
ORD-2024-0029,2024-06-05,2024-06-11,,SUP004,BlueDart Express,Bangalore,India,P004,Plastic Granules,Raw Material,WH-Pune,Road,5,365.35,1826.76,54.8,0,1881.56,6,0,Cancelled,Advance,
ORD-2024-0032,2024-06-09,2024-06-12,2024-06-12,SUP002,Reliance Logistics,Delhi,India,P012,Safety Equipment,Consumables,WH-Bangalore,Air,9,398.14,3583.29,286.66,5,3690.79,3,0,Delivered,Net 45,4.2
ORD-2024-0106,2024-06-13,2024-06-19,,SUP008,VRL Logistics,Nagpur,India,P009,Spare Parts Kit,Machinery,WH-Delhi,Road,1,3283.64,3283.64,98.51,0,3382.15,6,0,Pending,Advance,
ORD-2024-0049,2024-06-14,2024-06-18,2024-06-26,SUP004,BlueDart Express,Bangalore,India,P002,Industrial Bearings,Machinery,WH-Delhi,Road,6,1088.61,6531.66,195.95,8,6205.08,4,8,Delayed,Advance,
ORD-2024-0043,2024-06-16,2024-06-21,,SUP004,BlueDart Express,Bangalore,India,P008,Chemical Compounds,Chemicals,WH-Mumbai,Road,2,1831.64,3663.28,109.9,5,3590.02,5,0,Cancelled,Net 60,
ORD-2024-0108,2024-06-17,2024-06-27,2024-07-01,SUP002,Reliance Logistics,Delhi,India,P009,Spare Parts Kit,Machinery,WH-Chennai,Rail,3,2945.2,8835.6,176.71,5,8570.53,10,4,Delayed,Net 60,
ORD-2024-0192,2024-06-18,2024-06-22,2024-06-27,SUP007,Gati Ltd,Kolkata,India,P002,Industrial Bearings,Machinery,WH-Pune,Road,8,1192.24,9537.89,286.14,2,9633.27,4,5,Delayed,COD,
ORD-2024-0143,2024-06-21,2024-06-24,,SUP008,VRL Logistics,Nagpur,India,P012,Safety Equipment,Consumables,WH-Mumbai,Road,8,480.89,3847.11,115.41,2,3885.58,3,0,Pending,COD,
ORD-2024-0123,2024-06-22,2024-06-29,,SUP003,DHL Supply Chain,Chennai,India,P008,Chemical Compounds,Chemicals,WH-Delhi,Rail,7,1655.52,11588.62,231.77,2,11588.62,7,0,Pending,COD,
ORD-2024-0160,2024-06-25,2024-07-09,,SUP002,Reliance Logistics,Delhi,India,P009,Spare Parts Kit,Machinery,WH-Bangalore,Sea,2,3495.18,6990.36,104.86,5,6745.7,14,0,In Transit,Net 60,
ORD-2024-0047,2024-06-26,2024-07-01,,SUP007,Gati Ltd,Kolkata,India,P011,Rubber Seals,Raw Material,WH-Bangalore,Road,32,259.39,8300.41,249.01,10,7719.38,5,0,Cancelled,Net 45,
ORD-2024-0163,2024-06-26,2024-06-29,,SUP003,DHL Supply Chain,Chennai,India,P005,Copper Wiring,Electronics,WH-Mumbai,Road,20,1069.68,21393.66,641.81,8,20323.98,3,0,In Transit,Net 45,
ORD-2024-0006,2024-06-30,2024-07-03,2024-07-03,SUP004,BlueDart Express,Bangalore,India,P011,Rubber Seals,Raw Material,WH-Pune,Road,11,284.36,3127.94,93.84,0,3221.78,3,0,Delivered,Net 45,4.4
ORD-2024-0112,2024-07-05,2024-07-11,2024-07-14,SUP004,BlueDart Express,Bangalore,India,P008,Chemical Compounds,Chemicals,WH-Pune,Rail,8,2026.79,16214.31,324.29,0,16538.6,6,3,Delivered,Advance,3.9
ORD-2024-0189,2024-07-05,2024-07-09,2024-07-13,SUP002,Reliance Logistics,Delhi,India,P010,LED Modules,Electronics,WH-Mumbai,Road,7,656.25,4593.74,137.81,0,4731.55,4,4,Delivered,Advance,4.3
ORD-2024-0177,2024-07-10,2024-07-14,,SUP007,Gati Ltd,Kolkata,India,P008,Chemical Compounds,Chemicals,WH-Mumbai,Road,2,1914.18,3828.36,114.85,8,3636.94,4,0,Cancelled,Net 30,
ORD-2024-0076,2024-07-14,2024-07-19,,SUP006,DTDC Courier,Hyderabad,India,P010,LED Modules,Electronics,WH-Mumbai,Road,9,586.32,5276.84,158.31,8,5013.0,5,0,In Transit,COD,
ORD-2024-0089,2024-07-14,2024-07-17,,SUP005,Mahindra Logistics,Pune,India,P008,Chemical Compounds,Chemicals,WH-Bangalore,Road,9,1944.38,17499.4,524.98,0,18024.38,3,0,Cancelled,Net 45,
ORD-2024-0155,2024-07-15,2024-07-24,2024-07-24,SUP004,BlueDart Express,Bangalore,India,P008,Chemical Compounds,Chemicals,WH-Chennai,Rail,4,1647.96,6591.82,131.84,0,6723.66,9,0,Delivered,Net 45,3.8
ORD-2024-0200,2024-07-15,2024-07-19,,SUP007,Gati Ltd,Kolkata,India,P003,Raw Steel Sheets,Raw Material,WH-Bangalore,Road,10,420.78,4207.83,126.23,0,4334.06,4,0,In Transit,COD,
ORD-2024-0009,2024-07-16,2024-07-26,,SUP007,Gati Ltd,Kolkata,India,P010,LED Modules,Electronics,WH-Chennai,Sea,24,603.61,14486.75,217.3,8,13545.11,10,0,Pending,Net 60,
ORD-2024-0040,2024-07-18,2024-07-23,,SUP001,Tata Steel Ltd,Mumbai,India,P010,LED Modules,Electronics,WH-Pune,Road,14,672.46,9414.45,282.43,5,9226.16,5,0,Cancelled,Net 45,
ORD-2024-0187,2024-07-21,2024-07-27,,SUP006,DTDC Courier,Hyderabad,India,P010,LED Modules,Electronics,WH-Chennai,Road,21,743.31,15609.54,468.29,0,16077.83,6,0,Cancelled,COD,
ORD-2024-0196,2024-07-21,2024-07-30,,SUP001,Tata Steel Ltd,Mumbai,India,P012,Safety Equipment,Consumables,WH-Mumbai,Rail,1,452.0,452.0,9.04,0,461.04,9,0,In Transit,COD,
ORD-2024-0182,2024-07-22,2024-07-28,2024-08-05,SUP006,DTDC Courier,Hyderabad,India,P001,Electronic Components,Electronics,WH-Bangalore,Rail,7,804.47,5631.29,112.63,2,5631.29,6,8,Delayed,Net 30,
ORD-2024-0071,2024-07-22,2024-07-25,,SUP002,Reliance Logistics,Delhi,India,P006,Hydraulic Pumps,Machinery,WH-Mumbai,Air,4,2795.24,11180.96,894.48,0,12075.44,3,0,Pending,Net 45,
ORD-2024-0178,2024-07-26,2024-07-29,2024-07-29,SUP007,Gati Ltd,Kolkata,India,P007,Packaging Material,Consumables,WH-Mumbai,Road,83,164.41,13646.37,409.39,2,13782.83,3,0,Delivered,COD,4.8
ORD-2024-0028,2024-07-29,2024-08-01,,SUP004,BlueDart Express,Bangalore,India,P005,Copper Wiring,Electronics,WH-Bangalore,Road,16,936.5,14983.94,449.52,5,14684.26,3,0,Cancelled,Net 60,
ORD-2024-0090,2024-07-30,2024-08-02,2024-08-02,SUP006,DTDC Courier,Hyderabad,India,P008,Chemical Compounds,Chemicals,WH-Mumbai,Road,3,1929.07,5787.21,173.62,2,5845.09,3,0,Delivered,Net 30,3.2
ORD-2024-0087,2024-08-03,2024-08-08,2024-08-08,SUP002,Reliance Logistics,Delhi,India,P012,Safety Equipment,Consumables,WH-Pune,Road,3,454.36,1363.08,40.89,8,1294.92,5,0,Delivered,Net 60,3.9
ORD-2024-0048,2024-08-10,2024-08-15,,SUP003,DHL Supply Chain,Chennai,India,P012,Safety Equipment,Consumables,WH-Pune,Road,31,426.81,13231.16,396.93,5,12966.53,5,0,Cancelled,Net 60,
ORD-2024-0107,2024-08-12,2024-08-18,,SUP003,DHL Supply Chain,Chennai,India,P006,Hydraulic Pumps,Machinery,WH-Chennai,Road,5,2282.73,11413.64,342.41,2,11527.78,6,0,Pending,Net 30,
ORD-2024-0104,2024-08-13,2024-08-18,2024-08-18,SUP002,Reliance Logistics,Delhi,India,P008,Chemical Compounds,Chemicals,WH-Chennai,Road,8,1823.36,14586.89,437.61,0,15024.5,5,0,Delivered,Net 30,4.3
ORD-2024-0127,2024-08-15,2024-08-21,2024-08-23,SUP002,Reliance Logistics,Delhi,India,P010,LED Modules,Electronics,WH-Bangalore,Road,1,704.55,704.55,21.14,2,711.6,6,2,Delivered,COD,3.2
ORD-2024-0068,2024-08-16,2024-08-22,,SUP008,VRL Logistics,Nagpur,India,P006,Hydraulic Pumps,Machinery,WH-Bangalore,Road,2,2862.98,5725.97,171.78,0,5897.75,6,0,Cancelled,Net 45,
ORD-2024-0038,2024-08-18,2024-08-26,2024-08-26,SUP005,Mahindra Logistics,Pune,India,P004,Plastic Granules,Raw Material,WH-Chennai,Rail,46,310.86,14299.48,285.99,0,14585.47,8,0,Delivered,COD,3.2
ORD-2024-0037,2024-08-21,2024-08-28,2024-09-07,SUP003,DHL Supply Chain,Chennai,India,P008,Chemical Compounds,Chemicals,WH-Delhi,Rail,7,1993.76,13956.29,279.13,2,13956.29,7,10,Delayed,Advance,
ORD-2024-0159,2024-08-21,2024-08-24,,SUP001,Tata Steel Ltd,Mumbai,India,P009,Spare Parts Kit,Machinery,WH-Mumbai,Road,1,3476.64,3476.64,104.3,2,3511.41,3,0,Cancelled,Advance,
ORD-2024-0045,2024-08-26,2024-08-29,2024-08-29,SUP005,Mahindra Logistics,Pune,India,P006,Hydraulic Pumps,Machinery,WH-Bangalore,Road,3,2609.87,7829.62,234.89,8,7438.14,3,0,Delivered,Advance,4.9
ORD-2024-0062,2024-08-28,2024-08-31,,SUP006,DTDC Courier,Hyderabad,India,P007,Packaging Material,Consumables,WH-Bangalore,Road,89,153.58,13668.63,410.06,5,13395.26,3,0,In Transit,COD,
ORD-2024-0058,2024-08-28,2024-09-02,2024-09-04,SUP005,Mahindra Logistics,Pune,India,P001,Electronic Components,Electronics,WH-Delhi,Road,13,933.14,12130.82,363.92,2,12252.12,5,2,Delivered,Advance,3.2
ORD-2024-0144,2024-08-30,2024-09-05,2024-09-14,SUP005,Mahindra Logistics,Pune,India,P011,Rubber Seals,Raw Material,WH-Bangalore,Rail,11,288.7,3175.66,63.51,5,3080.39,6,9,Delayed,Net 45,
ORD-2024-0034,2024-08-30,2024-09-06,,SUP003,DHL Supply Chain,Chennai,India,P011,Rubber Seals,Raw Material,WH-Delhi,Road,49,268.44,13153.6,394.61,0,13548.21,7,0,Cancelled,Net 45,
ORD-2024-0041,2024-09-06,2024-09-12,,SUP004,BlueDart Express,Bangalore,India,P005,Copper Wiring,Electronics,WH-Delhi,Road,13,1059.42,13772.52,413.18,5,13497.07,6,0,Pending,COD,
ORD-2024-0025,2024-09-07,2024-09-12,2024-09-12,SUP005,Mahindra Logistics,Pune,India,P001,Electronic Components,Electronics,WH-Bangalore,Road,5,799.34,3996.68,119.9,2,4036.65,5,0,Delivered,COD,3.0
ORD-2024-0060,2024-09-13,2024-09-19,2024-09-25,SUP008,VRL Logistics,Nagpur,India,P008,Chemical Compounds,Chemicals,WH-Pune,Road,1,1661.1,1661.1,49.83,10,1544.82,6,6,Delayed,COD,
ORD-2024-0146,2024-09-13,2024-09-22,2024-09-29,SUP008,VRL Logistics,Nagpur,India,P012,Safety Equipment,Consumables,WH-Delhi,Rail,31,433.18,13428.43,268.57,0,13697.0,9,7,Delayed,Advance,
ORD-2024-0156,2024-09-14,2024-09-19,2024-09-19,SUP005,Mahindra Logistics,Pune,India,P012,Safety Equipment,Consumables,WH-Bangalore,Road,30,456.51,13695.36,410.86,2,13832.31,5,0,Delivered,COD,4.8
ORD-2024-0070,2024-09-14,2024-09-16,2024-09-16,SUP006,DTDC Courier,Hyderabad,India,P002,Industrial Bearings,Machinery,WH-Chennai,Air,3,1102.45,3307.35,264.59,5,3406.57,2,0,Delivered,Net 60,4.2
ORD-2024-0020,2024-09-17,2024-09-21,2024-09-26,SUP002,Reliance Logistics,Delhi,India,P003,Raw Steel Sheets,Raw Material,WH-Bangalore,Road,19,471.88,8965.78,268.97,2,9055.43,4,5,Delayed,COD,
ORD-2024-0194,2024-09-23,2024-09-29,2024-09-29,SUP008,VRL Logistics,Nagpur,India,P006,Hydraulic Pumps,Machinery,WH-Mumbai,Road,1,2264.12,2264.12,67.92,0,2332.04,6,0,Delivered,Net 45,4.9
ORD-2024-0042,2024-09-30,2024-10-03,,SUP001,Tata Steel Ltd,Mumbai,India,P007,Packaging Material,Consumables,WH-Chennai,Road,18,167.51,3015.12,90.45,0,3105.57,3,0,In Transit,Advance,
ORD-2024-0118,2024-10-01,2024-10-05,2024-10-05,SUP001,Tata Steel Ltd,Mumbai,India,P011,Rubber Seals,Raw Material,WH-Mumbai,Road,37,281.16,10402.91,312.09,5,10194.85,4,0,Delivered,COD,4.9
ORD-2024-0162,2024-10-02,2024-10-05,,SUP007,Gati Ltd,Kolkata,India,P009,Spare Parts Kit,Machinery,WH-Delhi,Road,4,3305.55,13222.19,396.67,5,12957.75,3,0,In Transit,Advance,
ORD-2024-0191,2024-10-05,2024-10-15,2024-10-15,SUP001,Tata Steel Ltd,Mumbai,India,P006,Hydraulic Pumps,Machinery,WH-Pune,Rail,3,2353.96,7061.88,141.24,2,7061.88,10,0,Delivered,Advance,4.9
ORD-2024-0056,2024-10-12,2024-10-16,,SUP007,Gati Ltd,Kolkata,India,P010,LED Modules,Electronics,WH-Bangalore,Road,15,633.32,9499.8,284.99,2,9594.79,4,0,In Transit,Net 60,
ORD-2024-0021,2024-10-16,2024-10-21,,SUP006,DTDC Courier,Hyderabad,India,P005,Copper Wiring,Electronics,WH-Chennai,Road,5,1046.56,5232.82,156.98,0,5389.8,5,0,In Transit,Net 30,
ORD-2024-0057,2024-10-18,2024-10-31,2024-10-31,SUP001,Tata Steel Ltd,Mumbai,India,P010,LED Modules,Electronics,WH-Bangalore,Sea,6,674.7,4048.19,60.72,0,4108.91,13,0,Delivered,Advance,4.4
ORD-2024-0172,2024-10-26,2024-10-30,,SUP007,Gati Ltd,Kolkata,India,P005,Copper Wiring,Electronics,WH-Chennai,Road,8,1004.33,8034.63,241.04,5,7873.94,4,0,Cancelled,Net 60,
ORD-2024-0101,2024-10-28,2024-11-02,,SUP007,Gati Ltd,Kolkata,India,P009,Spare Parts Kit,Machinery,WH-Pune,Road,2,2941.1,5882.21,176.47,2,5941.04,5,0,Cancelled,COD,
ORD-2024-0185,2024-11-01,2024-11-07,2024-11-07,SUP006,DTDC Courier,Hyderabad,India,P007,Packaging Material,Consumables,WH-Chennai,Road,88,149.28,13136.42,394.09,0,13530.51,6,0,Delivered,Net 60,4.0
ORD-2024-0004,2024-11-05,2024-11-13,2024-11-19,SUP005,Mahindra Logistics,Pune,India,P001,Electronic Components,Electronics,WH-Chennai,Rail,14,898.59,12580.2,251.6,8,11825.38,8,6,Delayed,COD,
ORD-2024-0065,2024-11-07,2024-11-10,2024-11-12,SUP004,BlueDart Express,Bangalore,India,P012,Safety Equipment,Consumables,WH-Delhi,Road,8,426.45,3411.62,102.35,0,3513.97,3,2,Delivered,Advance,4.9
ORD-2024-0198,2024-11-08,2024-11-14,,SUP007,Gati Ltd,Kolkata,India,P010,LED Modules,Electronics,WH-Pune,Road,22,699.72,15393.91,461.82,0,15855.73,6,0,Cancelled,COD,
ORD-2024-0074,2024-11-08,2024-11-14,,SUP007,Gati Ltd,Kolkata,India,P010,LED Modules,Electronics,WH-Mumbai,Rail,21,626.27,13151.7,263.03,0,13414.73,6,0,In Transit,Advance,
ORD-2024-0125,2024-11-10,2024-11-20,,SUP007,Gati Ltd,Kolkata,India,P005,Copper Wiring,Electronics,WH-Delhi,Rail,12,1007.71,12092.47,241.85,5,11729.7,10,0,In Transit,Net 30,
ORD-2024-0135,2024-11-12,2024-11-15,,SUP001,Tata Steel Ltd,Mumbai,India,P008,Chemical Compounds,Chemicals,WH-Chennai,Air,4,1982.11,7928.44,634.28,5,8166.3,3,0,In Transit,Advance,
ORD-2024-0141,2024-11-15,2024-12-03,2024-12-03,SUP002,Reliance Logistics,Delhi,India,P003,Raw Steel Sheets,Raw Material,WH-Mumbai,Sea,17,450.16,7652.65,114.79,0,7767.44,18,0,Delivered,Net 45,4.4
ORD-2024-0103,2024-11-17,2024-11-27,,SUP008,VRL Logistics,Nagpur,India,P008,Chemical Compounds,Chemicals,WH-Chennai,Rail,10,1765.44,17654.44,353.09,10,16242.09,10,0,Pending,Net 45,
ORD-2024-0072,2024-11-19,2024-11-29,,SUP005,Mahindra Logistics,Pune,India,P004,Plastic Granules,Raw Material,WH-Mumbai,Rail,11,343.52,3778.72,75.57,8,3551.99,10,0,In Transit,Net 60,
ORD-2024-0133,2024-11-21,2024-11-26,,SUP005,Mahindra Logistics,Pune,India,P003,Raw Steel Sheets,Raw Material,WH-Delhi,Rail,6,471.58,2829.47,56.59,2,2829.47,5,0,Pending,COD,
ORD-2024-0001,2024-11-23,2024-11-29,,SUP002,Reliance Logistics,Delhi,India,P001,Electronic Components,Electronics,WH-Bangalore,Rail,12,954.59,11455.06,229.1,0,11684.16,6,0,Pending,Net 30,
ORD-2024-0153,2024-11-24,2024-11-26,2024-11-26,SUP008,VRL Logistics,Nagpur,India,P003,Raw Steel Sheets,Raw Material,WH-Chennai,Air,21,433.94,9112.79,729.02,0,9841.81,2,0,Delivered,Net 60,4.1
ORD-2024-0084,2024-11-26,2024-11-29,,SUP006,DTDC Courier,Hyderabad,India,P001,Electronic Components,Electronics,WH-Mumbai,Road,4,901.36,3605.45,108.16,2,3641.5,3,0,Pending,Net 30,
ORD-2024-0110,2024-11-26,2024-12-01,2024-12-01,SUP007,Gati Ltd,Kolkata,India,P009,Spare Parts Kit,Machinery,WH-Mumbai,Road,2,3003.96,6007.91,180.24,0,6188.15,5,0,Delivered,COD,4.5
ORD-2024-0109,2024-12-01,2024-12-06,,SUP007,Gati Ltd,Kolkata,India,P003,Raw Steel Sheets,Raw Material,WH-Pune,Road,26,441.95,11490.79,344.72,0,11835.51,5,0,Pending,Net 30,
ORD-2024-0099,2024-12-08,2024-12-11,,SUP006,DTDC Courier,Hyderabad,India,P002,Industrial Bearings,Machinery,WH-Pune,Road,2,1338.63,2677.27,80.32,2,2704.04,3,0,In Transit,Advance,
ORD-2024-0030,2024-12-13,2024-12-17,2024-12-17,SUP006,DTDC Courier,Hyderabad,India,P001,Electronic Components,Electronics,WH-Pune,Road,6,919.82,5518.89,165.57,0,5684.46,4,0,Delivered,COD,3.2
ORD-2024-0051,2024-12-19,2024-12-24,2024-12-24,SUP008,VRL Logistics,Nagpur,India,P011,Rubber Seals,Raw Material,WH-Pune,Rail,20,298.48,5969.54,119.39,0,6088.93,5,0,Delivered,COD,3.7
ORD-2024-0148,2024-12-19,2024-12-24,2025-01-03,SUP008,VRL Logistics,Nagpur,India,P006,Hydraulic Pumps,Machinery,WH-Chennai,Road,4,2809.85,11239.4,337.18,0,11576.58,5,10,Delayed,Net 45,
ORD-2024-0188,2024-12-21,2024-12-26,,SUP004,BlueDart Express,Bangalore,India,P008,Chemical Compounds,Chemicals,WH-Chennai,Road,10,1971.89,19718.88,591.57,0,20310.45,5,0,In Transit,Advance,
ORD-2024-0170,2024-12-22,2024-12-25,,SUP004,BlueDart Express,Bangalore,India,P007,Packaging Material,Consumables,WH-Chennai,Air,69,159.33,10993.57,879.49,0,11873.06,3,0,In Transit,COD,
ORD-2024-0100,2024-12-29,2025-01-03,,SUP007,Gati Ltd,Kolkata,India,P005,Copper Wiring,Electronics,WH-Delhi,Road,12,903.59,10843.1,325.29,5,10626.24,5,0,In Transit,Advance,
ORD-2025-0131,2025-01-02,2025-01-09,2025-01-09,SUP008,VRL Logistics,Nagpur,India,P009,Spare Parts Kit,Machinery,WH-Pune,Road,3,2982.67,8948.0,268.44,5,8769.04,7,0,Delivered,COD,3.4
ORD-2025-0134,2025-01-03,2025-01-06,,SUP006,DTDC Courier,Hyderabad,India,P010,LED Modules,Electronics,WH-Pune,Road,19,628.01,11932.13,357.96,0,12290.09,3,0,Cancelled,Advance,
ORD-2025-0019,2025-01-09,2025-01-12,2025-01-12,SUP008,VRL Logistics,Nagpur,India,P003,Raw Steel Sheets,Raw Material,WH-Pune,Road,19,458.64,8714.14,261.42,8,8278.43,3,0,Delivered,Net 45,3.1
ORD-2025-0181,2025-01-13,2025-01-18,,SUP003,DHL Supply Chain,Chennai,India,P012,Safety Equipment,Consumables,WH-Pune,Rail,15,466.06,6990.91,139.82,0,7130.73,5,0,In Transit,COD,
ORD-2025-0150,2025-01-14,2025-01-18,2025-01-18,SUP004,BlueDart Express,Bangalore,India,P004,Plastic Granules,Raw Material,WH-Delhi,Road,46,325.79,14986.45,449.59,5,14686.72,4,0,Delivered,Net 30,4.9
ORD-2025-0195,2025-01-14,2025-01-19,,SUP004,BlueDart Express,Bangalore,India,P009,Spare Parts Kit,Machinery,WH-Delhi,Road,2,3518.2,7036.41,211.09,2,7106.77,5,0,In Transit,Advance,
ORD-2025-0052,2025-01-16,2025-01-23,2025-01-23,SUP006,DTDC Courier,Hyderabad,India,P006,Hydraulic Pumps,Machinery,WH-Delhi,Rail,5,2844.3,14221.49,284.43,5,13794.85,7,0,Delivered,Net 45,4.5
ORD-2025-0077,2025-01-16,2025-01-23,,SUP008,VRL Logistics,Nagpur,India,P005,Copper Wiring,Electronics,WH-Delhi,Rail,7,1034.12,7238.83,144.78,5,7021.67,7,0,Pending,Net 30,
ORD-2025-0122,2025-01-20,2025-01-25,,SUP004,BlueDart Express,Bangalore,India,P005,Copper Wiring,Electronics,WH-Bangalore,Road,12,989.05,11868.64,356.06,2,11987.33,5,0,Cancelled,Advance,
ORD-2025-0157,2025-01-22,2025-01-31,2025-02-07,SUP004,BlueDart Express,Bangalore,India,P004,Plastic Granules,Raw Material,WH-Pune,Rail,5,361.38,1806.9,36.14,0,1843.04,9,7,Delayed,COD,
ORD-2025-0154,2025-01-22,2025-01-30,2025-01-30,SUP004,BlueDart Express,Bangalore,India,P003,Raw Steel Sheets,Raw Material,WH-Chennai,Rail,4,425.79,1703.15,34.06,0,1737.21,8,0,Delivered,Net 45,3.0
ORD-2025-0173,2025-01-25,2025-01-31,2025-01-31,SUP008,VRL Logistics,Nagpur,India,P012,Safety Equipment,Consumables,WH-Mumbai,Rail,32,397.33,12714.4,254.29,8,11951.54,6,0,Delivered,COD,3.1
ORD-2025-0183,2025-01-30,2025-02-05,,SUP005,Mahindra Logistics,Pune,India,P004,Plastic Granules,Raw Material,WH-Chennai,Rail,41,300.34,12314.03,246.28,0,12560.31,6,0,Pending,Net 30,
ORD-2025-0120,2025-01-30,2025-02-04,,SUP006,DTDC Courier,Hyderabad,India,P003,Raw Steel Sheets,Raw Material,WH-Bangalore,Road,25,482.03,12050.67,361.52,10,11207.12,5,0,Cancelled,Net 45,
ORD-2025-0128,2025-01-31,2025-02-05,2025-02-05,SUP005,Mahindra Logistics,Pune,India,P012,Safety Equipment,Consumables,WH-Bangalore,Road,5,425.46,2127.32,63.82,8,2020.95,5,0,Delivered,Net 30,4.6
ORD-2025-0117,2025-02-01,2025-02-05,,SUP005,Mahindra Logistics,Pune,India,P004,Plastic Granules,Raw Material,WH-Bangalore,Road,40,324.57,12982.76,389.48,0,13372.24,4,0,Cancelled,COD,
ORD-2025-0085,2025-02-06,2025-02-24,2025-02-24,SUP006,DTDC Courier,Hyderabad,India,P004,Plastic Granules,Raw Material,WH-Pune,Sea,15,314.28,4714.27,70.71,0,4784.98,18,0,Delivered,Net 30,3.6
ORD-2025-0073,2025-02-11,2025-02-15,,SUP001,Tata Steel Ltd,Mumbai,India,P005,Copper Wiring,Electronics,WH-Delhi,Road,19,1049.04,19931.78,597.95,0,20529.73,4,0,In Transit,Net 30,
ORD-2025-0142,2025-02-15,2025-02-22,2025-03-01,SUP008,VRL Logistics,Nagpur,India,P009,Spare Parts Kit,Machinery,WH-Chennai,Road,2,3194.36,6388.73,191.66,2,6452.62,7,7,Delayed,COD,
ORD-2025-0121,2025-02-19,2025-02-26,2025-02-26,SUP003,DHL Supply Chain,Chennai,India,P002,Industrial Bearings,Machinery,WH-Pune,Rail,6,1360.01,8160.07,163.2,2,8160.07,7,0,Delivered,Advance,3.5
ORD-2025-0145,2025-02-24,2025-02-27,,SUP004,BlueDart Express,Bangalore,India,P001,Electronic Components,Electronics,WH-Delhi,Road,6,853.99,5123.94,153.72,2,5175.18,3,0,In Transit,Advance,
ORD-2025-0055,2025-02-24,2025-02-27,,SUP002,Reliance Logistics,Delhi,India,P007,Packaging Material,Consumables,WH-Delhi,Road,73,170.59,12453.23,373.6,0,12826.83,3,0,Cancelled,Net 30,
ORD-2025-0081,2025-02-25,2025-03-06,2025-03-06,SUP006,DTDC Courier,Hyderabad,India,P002,Industrial Bearings,Machinery,WH-Chennai,Rail,2,1270.62,2541.24,50.82,2,2541.24,9,0,Delivered,Advance,3.2
ORD-2025-0083,2025-03-02,2025-03-05,2025-03-05,SUP008,VRL Logistics,Nagpur,India,P010,LED Modules,Electronics,WH-Chennai,Road,8,724.01,5792.09,173.76,0,5965.85,3,0,Delivered,COD,4.8
ORD-2025-0111,2025-03-03,2025-03-07,2025-03-07,SUP001,Tata Steel Ltd,Mumbai,India,P011,Rubber Seals,Raw Material,WH-Delhi,Road,45,305.98,13768.96,413.07,5,13493.58,4,0,Delivered,Advance,3.1
ORD-2025-0007,2025-03-07,2025-03-14,2025-03-14,SUP001,Tata Steel Ltd,Mumbai,India,P004,Plastic Granules,Raw Material,WH-Bangalore,Rail,21,305.01,6405.21,128.1,2,6405.21,7,0,Delivered,Net 45,3.5
ORD-2025-0129,2025-03-08,2025-03-15,2025-03-15,SUP006,DTDC Courier,Hyderabad,India,P011,Rubber Seals,Raw Material,WH-Chennai,Road,60,301.02,18060.92,541.83,0,18602.75,7,0,Delivered,COD,3.4
ORD-2025-0080,2025-03-09,2025-03-18,,SUP006,DTDC Courier,Hyderabad,India,P002,Industrial Bearings,Machinery,WH-Pune,Rail,6,1281.85,7691.09,153.82,5,7460.36,9,0,In Transit,Advance,
ORD-2025-0174,2025-03-09,2025-03-15,2025-03-15,SUP002,Reliance Logistics,Delhi,India,P011,Rubber Seals,Raw Material,WH-Mumbai,Road,1,267.31,267.31,8.02,2,269.98,6,0,Delivered,COD,4.3
ORD-2025-0018,2025-03-10,2025-03-14,2025-03-14,SUP004,BlueDart Express,Bangalore,India,P003,Raw Steel Sheets,Raw Material,WH-Bangalore,Road,13,434.84,5652.86,169.59,5,5539.81,4,0,Delivered,Net 60,3.8
ORD-2025-0067,2025-03-13,2025-03-16,,SUP007,Gati Ltd,Kolkata,India,P006,Hydraulic Pumps,Machinery,WH-Bangalore,Air,3,2773.42,8320.27,665.62,2,8819.48,3,0,Pending,Net 45,
ORD-2025-0105,2025-03-13,2025-03-19,,SUP002,Reliance Logistics,Delhi,India,P010,LED Modules,Electronics,WH-Pune,Road,24,730.58,17533.92,526.02,2,17709.26,6,0,Cancelled,Net 45,
ORD-2025-0069,2025-03-14,2025-03-20,,SUP007,Gati Ltd,Kolkata,India,P001,Electronic Components,Electronics,WH-Mumbai,Road,14,903.55,12649.76,379.49,0,13029.25,6,0,Cancelled,Net 45,
ORD-2025-0138,2025-03-19,2025-03-22,,SUP003,DHL Supply Chain,Chennai,India,P006,Hydraulic Pumps,Machinery,WH-Bangalore,Air,5,2541.76,12708.8,1016.7,8,12708.8,3,0,In Transit,Net 30,
ORD-2025-0169,2025-03-23,2025-03-29,2025-03-29,SUP002,Reliance Logistics,Delhi,India,P004,Plastic Granules,Raw Material,WH-Mumbai,Rail,1,304.94,304.94,6.1,0,311.04,6,0,Delivered,Advance,4.8
ORD-2025-0166,2025-03-26,2025-03-31,,SUP003,DHL Supply Chain,Chennai,India,P011,Rubber Seals,Raw Material,WH-Bangalore,Rail,43,278.68,11983.28,239.67,2,11983.28,5,0,Pending,Advance,
ORD-2025-0171,2025-03-27,2025-04-02,2025-04-02,SUP008,VRL Logistics,Nagpur,India,P008,Chemical Compounds,Chemicals,WH-Mumbai,Road,10,2008.84,20088.38,602.65,5,19686.61,6,0,Delivered,Net 60,4.1
ORD-2025-0161,2025-04-01,2025-04-03,,SUP007,Gati Ltd,Kolkata,India,P008,Chemical Compounds,Chemicals,WH-Mumbai,Air,9,1679.85,15118.61,1209.49,8,15118.61,2,0,Pending,Net 45,
ORD-2025-0031,2025-04-05,2025-04-08,,SUP004,BlueDart Express,Bangalore,India,P005,Copper Wiring,Electronics,WH-Chennai,Road,7,971.23,6798.64,203.96,0,7002.6,3,0,Pending,COD,
ORD-2025-0075,2025-04-06,2025-04-12,2025-04-12,SUP005,Mahindra Logistics,Pune,India,P011,Rubber Seals,Raw Material,WH-Bangalore,Road,30,311.17,9335.14,280.05,0,9615.19,6,0,Delivered,Advance,3.2
ORD-2025-0078,2025-04-07,2025-04-14,2025-04-14,SUP001,Tata Steel Ltd,Mumbai,India,P005,Copper Wiring,Electronics,WH-Pune,Rail,14,925.03,12950.45,259.01,0,13209.46,7,0,Delivered,Net 60,4.1
ORD-2025-0015,2025-04-08,2025-04-13,2025-04-13,SUP001,Tata Steel Ltd,Mumbai,India,P006,Hydraulic Pumps,Machinery,WH-Bangalore,Road,5,2610.13,13050.66,391.52,0,13442.18,5,0,Delivered,Advance,3.4
ORD-2025-0176,2025-04-10,2025-04-13,2025-04-23,SUP003,DHL Supply Chain,Chennai,India,P002,Industrial Bearings,Machinery,WH-Bangalore,Air,5,1324.56,6622.82,529.83,0,7152.65,3,10,Delayed,Net 30,
ORD-2025-0079,2025-04-12,2025-04-17,,SUP005,Mahindra Logistics,Pune,India,P003,Raw Steel Sheets,Raw Material,WH-Delhi,Road,4,457.69,1830.75,54.92,0,1885.67,5,0,Cancelled,Advance,
ORD-2025-0147,2025-04-12,2025-04-17,2025-04-17,SUP006,DTDC Courier,Hyderabad,India,P009,Spare Parts Kit,Machinery,WH-Chennai,Road,3,3059.89,9179.68,275.39,10,8537.1,5,0,Delivered,Net 60,4.4
ORD-2025-0151,2025-04-20,2025-04-30,,SUP003,DHL Supply Chain,Chennai,India,P007,Packaging Material,Consumables,WH-Mumbai,Rail,37,147.04,5440.62,108.81,2,5440.62,10,0,Cancelled,COD,
ORD-2025-0180,2025-04-20,2025-05-06,2025-05-06,SUP006,DTDC Courier,Hyderabad,India,P001,Electronic Components,Electronics,WH-Pune,Sea,4,885.42,3541.69,53.13,5,3417.74,16,0,Delivered,Net 60,3.8
ORD-2025-0115,2025-04-21,2025-04-26,2025-04-26,SUP001,Tata Steel Ltd,Mumbai,India,P007,Packaging Material,Consumables,WH-Chennai,Road,41,169.91,6966.14,208.98,5,6826.81,5,0,Delivered,Net 45,3.3
ORD-2025-0114,2025-04-23,2025-04-28,2025-05-02,SUP002,Reliance Logistics,Delhi,India,P012,Safety Equipment,Consumables,WH-Delhi,Rail,10,465.26,4652.6,93.05,0,4745.65,5,4,Delivered,Advance,4.8
ORD-2025-0175,2025-04-23,2025-04-30,2025-04-30,SUP008,VRL Logistics,Nagpur,India,P011,Rubber Seals,Raw Material,WH-Pune,Road,18,289.5,5211.03,156.33,0,5367.36,7,0,Delivered,Advance,4.6
